id,first_name,last_name,email
4506,Viole,Tapley,vtapley0@illinois.edu
3767,Vic,Dicey,vdicey1@gravatar.com
8488,Natalina,Kemsley,nkemsley2@arstechnica.com
3317,Karee,Exell,kexell3@twitpic.com
5547,Laureen,Middlewick,lmiddlewick4@posterous.com
3821,Karmen,Rodell,krodell5@newsvine.com
7890,Alica,Giorgielli,agiorgielli6@bandcamp.com
4980,Thorndike,Inglesent,tinglesent7@acquirethisname.com
7761,Paula,Swadden,pswadden8@simplemachines.org
9829,Lulita,Chase,lchase9@netvibes.com
7772,Vitia,Candey,vcandeya@sphinn.com
5444,Virgina,Blackburn,vblackburnb@t-online.de
2585,Queenie,Hugonin,qhugoninc@bravesites.com
4604,Osgood,Gully,ogullyd@bloglovin.com
2160,Prescott,Erb,perbe@moonfruit.com
8238,Jarred,Siggs,jsiggsf@cargocollective.com
7599,Ruy,Arnison,rarnisong@rakuten.co.jp
3544,Elroy,Stammler,estammlerh@chronoengine.com
5741,Donny,Craig,dcraigi@t.co
1079,Craggie,Ghiron,cghironj@paypal.com
1996,Rowan,Exer,rexerk@github.io
2605,Tommie,Ternault,tternaultl@youtu.be
1884,Mercy,Toomey,mtoomeym@miibeian.gov.cn
6151,Dion,Beddow,dbeddown@foxnews.com
8082,Alexine,Willcock,awillcocko@skype.com
2007,Kleon,Worpole,kworpolep@phpbb.com
2436,Leshia,Linfitt,llinfittq@dedecms.com
4162,Elora,Kollas,ekollasr@nih.gov
7097,Lorettalorna,Dibner,ldibners@ebay.co.uk
4487,Morie,Dymock,mdymockt@google.com.hk
7934,Hector,Maps,hmapsu@discovery.com
3823,Chucho,Jenson,cjensonv@alexa.com
3502,Giffard,Mattersley,gmattersleyw@pagesperso-orange.fr
1521,Cazzie,Chicotti,cchicottix@surveymonkey.com
5293,Antoni,Haszard,ahaszardy@odnoklassniki.ru
4854,Jule,Reichhardt,jreichhardtz@nasa.gov
9771,Demetris,McKennan,dmckennan10@msu.edu
1219,Asa,Esilmon,aesilmon11@twitter.com
5222,Errick,Glasscoe,eglasscoe12@zdnet.com
1450,Addia,Heartfield,aheartfield13@wp.com
9905,Deidre,Ostick,dostick14@uiuc.edu
7083,Kahlil,Gian,kgian15@harvard.edu
9073,Gerald,Blum,gblum16@google.ru
8056,Storm,Sikorsky,ssikorsky17@hostgator.com
7689,Marmaduke,Patek,mpatek18@va.gov
2123,Ethelin,Hanalan,ehanalan19@telegraph.co.uk
1723,Micaela,Holdren,mholdren1a@wisc.edu
1467,Glyn,Worlock,gworlock1b@livejournal.com
5083,Lurline,Hayle,lhayle1c@home.pl
8653,Harwell,Ybarra,hybarra1d@mlb.com
5207,Kirstyn,Piner,kpiner1e@drupal.org
9197,Wilhelmine,Caldayrou,wcaldayrou1f@pagesperso-orange.fr
8876,Evy,Bardsley,ebardsley1g@google.cn
3975,Betsy,Ipsley,bipsley1h@elpais.com
3531,Krystalle,Roy,kroy1i@macromedia.com
2057,Dwain,Braundt,dbraundt1j@furl.net
9250,Seymour,Goldie,sgoldie1k@narod.ru
2615,Cindee,Sprowles,csprowles1l@wiley.com
8222,Ibbie,Blagdon,iblagdon1m@fastcompany.com
7069,Doy,Axleby,daxleby1n@newyorker.com
8470,Genia,Suermeier,gsuermeier1o@berkeley.edu
1659,Cassandry,Turfus,cturfus1p@tmall.com
9226,Vale,Halson,vhalson1q@tuttocitta.it
3179,Bryant,Lampitt,blampitt1r@amazon.com
3724,Richy,Pendleton,rpendleton1s@blogs.com
8477,Hyman,Royl,hroyl1t@biglobe.ne.jp
7685,Crissie,Redding,credding1u@nhs.uk
1965,Boycie,Joly,bjoly1v@oakley.com
8625,Marisa,Bensusan,mbensusan1w@dailymail.co.uk
6426,Wiatt,Size,wsize1x@smh.com.au
1915,Mirilla,Lindenberg,mlindenberg1y@jimdo.com
3910,Ives,Molloy,imolloy1z@usnews.com
7814,Brady,Strangeway,bstrangeway20@trellian.com
4512,Saloma,Edensor,sedensor21@omniture.com
7631,Marcellus,Curran,mcurran22@ustream.tv
5021,Karalynn,McLice,kmclice23@rediff.com
6156,Darrin,Duffett,dduffett24@irs.gov
4163,Shelby,MacLaughlin,smaclaughlin25@latimes.com
7932,Michell,Fayter,mfayter26@gnu.org
1026,Antone,Ciotti,aciotti27@slate.com
5650,Eddy,Brendel,ebrendel28@addthis.com
5690,Ofelia,Trulock,otrulock29@163.com
4287,Alexandr,MacAvddy,amacavddy2a@example.com
6437,Maje,Mapowder,mmapowder2b@wordpress.org
3755,Myrtice,Rouch,mrouch2c@army.mil
7600,Dexter,Curner,dcurner2d@unesco.org
3533,Jenelle,McParlin,jmcparlin2e@ameblo.jp
8353,Britteny,Timony,botimony2f@nydailynews.com
5938,Marion,Creaser,mcreaser2g@hud.gov
1572,Pippa,Sarll,psarll2h@i2i.jp
3695,Yorker,Rushbrook,yrushbrook2i@jalbum.net
3697,Brandie,Lawry,blawry2j@unblog.fr
4318,Wendell,Schoffler,wschoffler2k@ox.ac.uk
4619,Alberik,Oldroyde,aoldroyde2l@toplist.cz
5339,Anthia,Shiers,ashiers2m@huffingtonpost.com
2108,Angelica,Southward,asouthward2n@ycombinator.com
1755,Andee,Stollman,astollman2o@stumbleupon.com
1659,Wynne,Endle,wendle2p@drupal.org
7168,Cami,Gunningham,cgunningham2q@tuttocitta.it
7005,Junina,Silberschatz,jsilberschatz2r@technorati.com
7805,Vassily,Lakes,vlakes2s@tumblr.com
6539,Morse,Howsam,mhowsam2t@ihg.com
5124,Athena,Phoebe,aphoebe2u@marriott.com
8714,Allix,Klejna,aklejna2v@usa.gov
9487,Wynn,Breakey,wbreakey2w@engadget.com
3825,Wald,Linder,wlinder2x@hugedomains.com
9654,Guinna,Balmer,gbalmer2y@mit.edu
5490,Manny,Peschet,mpeschet2z@sakura.ne.jp
2326,Otto,Reams,oreams30@ca.gov
6487,Sunny,Ruddiforth,sruddiforth31@cbc.ca
1895,York,Pherps,ypherps32@spotify.com
8897,Engelbert,Launchbury,elaunchbury33@free.fr
9449,Aleda,Alabaster,aalabaster34@walmart.com
5379,Godfry,Caldeiro,gcaldeiro35@oaic.gov.au
4481,Louis,Knowller,lknowller36@tiny.cc
9442,Louie,Townson,ltownson37@msu.edu
5247,Tasia,MacLaren,tmaclaren38@nyu.edu
8094,Tobiah,Knowlson,tknowlson39@networkadvertising.org
2638,Georgeanna,Condict,gcondict3a@marketwatch.com
2209,Tait,Ritelli,tritelli3b@about.com
7571,Corey,Vinson,cvinson3c@ovh.net
6126,Marchelle,Blazewicz,mblazewicz3d@nationalgeographic.com
7947,Hedvig,Cradock,hcradock3e@wsj.com
6740,Katee,Odgaard,kodgaard3f@uol.com.br
8979,Pearline,Chaster,pchaster3g@cam.ac.uk
3251,Yuri,Lammenga,ylammenga3h@upenn.edu
8930,Katharine,Ottey,kottey3i@nps.gov
8202,Anselma,Demelt,ademelt3j@tripod.com
9666,Dion,Creak,dcreak3k@seesaa.net
2092,Joannes,Daily,jdaily3l@skyrock.com
8376,Antonetta,Nelius,anelius3m@cmu.edu
3852,Paten,Ogelbe,pogelbe3n@cnet.com
6427,Cully,Cortnay,ccortnay3o@ca.gov
6977,Clemmie,Scardafield,cscardafield3p@google.co.uk
9770,Avie,Davsley,adavsley3q@linkedin.com
6938,Lauri,Bohl,lbohl3r@uol.com.br
2496,Monique,Godart,mgodart3s@patch.com
3299,Bride,Chadbourn,bchadbourn3t@bloglines.com
2517,Leanor,Kershaw,lkershaw3u@php.net
6239,Mirabella,Holyland,mholyland3v@vistaprint.com
3433,Jeffie,Woolis,jwoolis3w@godaddy.com
5682,Deloria,Sedgmond,dsedgmond3x@umn.edu
7865,Jocelin,Burdytt,jburdytt3y@cnet.com
1272,Dale,Lossman,dlossman3z@netlog.com
4307,Giorgio,Akid,gakid40@archive.org
4642,Morgan,Springtorpe,mspringtorpe41@shop-pro.jp
4022,Hephzibah,Fairnie,hfairnie42@rediff.com
5516,Adelbert,Carney,aocarney43@flickr.com
9574,Mela,Cooling,mcooling44@baidu.com
2658,Gussy,Vogt,gvogt45@ftc.gov
2530,Ebba,Taffs,etaffs46@utexas.edu
4112,Timothea,Tomkowicz,ttomkowicz47@angelfire.com
9465,Adham,Robotham,arobotham48@telegraph.co.uk
7054,Zelda,Dunton,zdunton49@latimes.com
2519,Helena,Sherreard,hsherreard4a@odnoklassniki.ru
8419,Abbey,Reisenstein,areisenstein4b@mozilla.org
5270,Anastasia,Noir,anoir4c@elpais.com
3215,Rosco,Westnedge,rwestnedge4d@redcross.org
7762,Meredith,Carlucci,mcarlucci4e@ftc.gov
7496,Teodor,Elis,telis4f@nps.gov
7310,Maible,Gilvary,mgilvary4g@nbcnews.com
1801,Ira,Calabry,icalabry4h@wordpress.org
7979,Dayna,Manoch,dmanoch4i@whitehouse.gov
9779,Gearalt,Brittan,gbrittan4j@ehow.com
9785,Lyndel,Denyagin,ldenyagin4k@apache.org
7554,Lannie,Falconbridge,lfalconbridge4l@1und1.de
1416,Chucho,Bridgeland,cbridgeland4m@sakura.ne.jp
5221,Averil,Franchioni,afranchioni4n@wikimedia.org
6010,Elke,Videler,evideler4o@live.com
2227,Perle,Conlaund,pconlaund4p@google.ru
4216,Crichton,Featley,cfeatley4q@constantcontact.com
9872,Vinita,Gadault,vgadault4r@tripadvisor.com
3982,Isiahi,Longhorne,ilonghorne4s@skyrock.com
2227,Elianore,Scotchmoor,escotchmoor4t@tinypic.com
8234,Lawton,Dovington,ldovington4u@artisteer.com
8771,Devonne,Whight,dwhight4v@archive.org
3937,Aili,Stellman,astellman4w@redcross.org
5670,Averell,Bursell,abursell4x@tripod.com
2755,Ilyssa,Collimore,icollimore4y@gravatar.com
1242,Eileen,Fiddiman,efiddiman4z@toplist.cz
8100,Dodie,Larkkem,dlarkkem50@pcworld.com
1404,Gustave,Brothwood,gbrothwood51@feedburner.com
2233,Tine,Shee,toshee52@privacy.gov.au
6231,Shayne,Catmull,scatmull53@live.com
7613,Roman,Cufley,rcufley54@geocities.jp
8175,Didi,Capehorn,dcapehorn55@nasa.gov
6249,Wes,Northwood,wnorthwood56@privacy.gov.au
5490,Lorilee,Colnet,lcolnet57@hao123.com
7333,Gerti,Geistbeck,ggeistbeck58@360.cn
5721,Ambros,Court,acourt59@github.com
4758,Vikky,Poker,vpoker5a@quantcast.com
5482,Zuzana,Gorch,zgorch5b@technorati.com
5756,Del,Barock,dbarock5c@posterous.com
3520,Hedda,Gilks,hgilks5d@instagram.com
3193,Dolf,Canavan,docanavan5e@wikia.com
8898,Skylar,Berzen,sberzen5f@elegantthemes.com
7748,Lucine,Brownjohn,lbrownjohn5g@boston.com
8472,Eadith,McCawley,emccawley5h@mit.edu
9267,Tabb,Filippov,tfilippov5i@kickstarter.com
3969,Nicoline,Wellwood,nwellwood5j@adobe.com
3008,Mannie,Hearthfield,mhearthfield5k@shareasale.com
1863,Mayne,Frankes,mfrankes5l@goodreads.com
2052,Valentijn,Dell Casa,vdellcasa5m@unc.edu
6087,Patrick,Clarey,pclarey5n@elegantthemes.com
3644,Heindrick,Skurray,hskurray5o@chron.com
9771,Rich,Middleditch,rmiddleditch5p@cnet.com
9318,Yoko,Millichip,ymillichip5q@furl.net
6877,Francene,Brailey,fbrailey5r@youku.com
4438,Dennie,Bearn,dbearn5s@typepad.com
3682,Les,Verna,lverna5t@nsw.gov.au
3473,Geordie,Canadas,gcanadas5u@friendfeed.com
7169,Gussy,Aaronson,gaaronson5v@slashdot.org
4348,Anastasia,Rhodus,arhodus5w@bandcamp.com
4438,Cordie,Lynd,clynd5x@chron.com
2450,Clarke,Cardoo,ccardoo5y@intel.com
3199,Gavrielle,Normansell,gnormansell5z@wikipedia.org
3533,Ericka,Puzey,epuzey60@sphinn.com
9982,Hadria,Camoletto,hcamoletto61@issuu.com
2972,Harlen,Banghe,hbanghe62@rakuten.co.jp
1083,Lotte,Amery,lamery63@live.com
6878,Marietta,Burcher,mburcher64@linkedin.com
3656,Briant,Croad,bcroad65@icio.us
7178,Dona,Brandolini,dbrandolini66@cbc.ca
6818,Brant,Stanyard,bstanyard67@apache.org
5904,Sonnnie,Exley,sexley68@opensource.org
6719,Evvy,McCluin,emccluin69@foxnews.com
9143,Christoforo,Mewrcik,cmewrcik6a@usda.gov
7531,Stephen,Scates,sscates6b@foxnews.com
7336,Jobye,Babbage,jbabbage6c@cyberchimps.com
4938,Julio,Hessay,jhessay6d@furl.net
5865,Tonya,Barling,tbarling6e@google.com
4385,Towney,Caldero,tcaldero6f@1und1.de
3933,Lynnelle,Boldero,lboldero6g@vimeo.com
7317,Tabina,Persent,tpersent6h@nytimes.com
2560,Jaquith,Jurek,jjurek6i@wunderground.com
1628,Marven,Vannikov,mvannikov6j@irs.gov
8894,Leeann,Feldmesser,lfeldmesser6k@unicef.org
6287,Opaline,Hubberstey,ohubberstey6l@topsy.com
6649,Calida,Gillivrie,cgillivrie6m@chicagotribune.com
9624,Staffard,Joye,sjoye6n@blogger.com
9228,Laverna,Buzek,lbuzek6o@bigcartel.com
9091,Petronella,Loxley,ploxley6p@wufoo.com
5399,Robena,Licari,rlicari6q@nhs.uk
3007,Nester,Reichhardt,nreichhardt6r@instagram.com
6429,Maryanne,Walster,mwalster6s@php.net
3151,Marni,Onele,monele6t@qq.com
1416,Giovanni,Yanson,gyanson6u@sfgate.com
3122,Nil,Gossage,ngossage6v@sciencedaily.com
7766,Colline,Wenden,cwenden6w@jugem.jp
6621,Casar,Slyvester,cslyvester6x@ft.com
8440,Artemus,Durgan,adurgan6y@uol.com.br
7446,Jarrett,Rishman,jrishman6z@thetimes.co.uk
6005,Kendal,Wanless,kwanless70@about.com
2731,Tiertza,Ranyelld,tranyelld71@infoseek.co.jp
2725,Phineas,Cawsy,pcawsy72@cbslocal.com
5697,Faulkner,Danilevich,fdanilevich73@elegantthemes.com
8090,Sloan,Jaquemar,sjaquemar74@wordpress.com
3881,Jarrid,Markussen,jmarkussen75@dmoz.org
5829,Netta,Muzzullo,nmuzzullo76@adobe.com
5039,Norry,Crowne,ncrowne77@dropbox.com
5486,Neron,Leiden,nleiden78@rambler.ru
5372,Miller,Roback,mroback79@wunderground.com
7127,Amie,Meagh,ameagh7a@pagesperso-orange.fr
9296,Scottie,Carberry,scarberry7b@blogger.com
5112,Urban,Sawkins,usawkins7c@jiathis.com
3593,Daven,Basler,dbasler7d@github.com
6637,Ezequiel,Popov,epopov7e@go.com
2082,Kitty,Fargie,kfargie7f@meetup.com
2429,Skell,Estrella,sestrella7g@hostgator.com
9168,Kira,Malarkey,kmalarkey7h@clickbank.net
5751,Dannye,Blofeld,dblofeld7i@cnet.com
2820,Eugine,Skeene,eskeene7j@spotify.com
7394,Annis,Plomer,aplomer7k@mashable.com
2847,Bogart,Ellicock,bellicock7l@miibeian.gov.cn
6776,Halette,Odam,hodam7m@jigsy.com
8282,Cristian,Spridgen,cspridgen7n@friendfeed.com
6773,Fernandina,Handmore,fhandmore7o@wordpress.org
9040,Errol,Thredder,ethredder7p@discuz.net
6733,Kyle,Tschierasche,ktschierasche7q@wikia.com
1205,Alexine,Perchard,aperchard7r@qq.com
6248,Algernon,Perel,aperel7s@accuweather.com
1954,Ryon,Cromblehome,rcromblehome7t@theglobeandmail.com
9774,Ericha,MacKenny,emackenny7u@deviantart.com
8348,Christoffer,Clericoates,cclericoates7v@state.gov
6233,Astrix,Revie,arevie7w@usnews.com
9311,Rosabella,Allmen,rallmen7x@addtoany.com
6524,Rhodia,Fish,rfish7y@businesswire.com
1617,Annemarie,Wichard,awichard7z@opera.com
3253,Tiffani,Stoeckle,tstoeckle80@dagondesign.com
2546,Debi,Treadgold,dtreadgold81@indiegogo.com
7372,Claudia,Baildon,cbaildon82@epa.gov
4778,Tanhya,Simon,tsimon83@mashable.com
2130,Lucais,Schindler,lschindler84@mail.ru
7064,Kale,Higginbottam,khigginbottam85@imdb.com
6742,Ravi,Sale,rsale86@amazon.co.jp
1832,Gwen,Dymocke,gdymocke87@intel.com
9551,Ripley,Causer,rcauser88@arstechnica.com
3349,Allianora,Gatfield,agatfield89@dmoz.org
3829,Marney,Broader,mbroader8a@eventbrite.com
5640,Garek,Studeart,gstudeart8b@businesswire.com
2641,Denise,Cassella,dcassella8c@is.gd
2301,Delia,Bolino,dbolino8d@goo.gl
4276,Kathie,Downing,kdowning8e@com.com
5838,Kristine,Kharchinski,kkharchinski8f@meetup.com
3237,Waring,Ticksall,wticksall8g@vimeo.com
5912,Samara,Buxy,sbuxy8h@shinystat.com
2434,Morgan,Martyntsev,mmartyntsev8i@ustream.tv
5310,Eada,Voss,evoss8j@wikipedia.org
8922,Willard,Varndall,wvarndall8k@fema.gov
4448,Cammy,Gapper,cgapper8l@netscape.com
7859,Mercie,Machin,mmachin8m@ted.com
5431,Ulla,Biagioni,ubiagioni8n@mozilla.org
5398,Carlyn,Airs,cairs8o@t-online.de
1423,Zora,Coalburn,zcoalburn8p@seesaa.net
4920,Siana,Medcraft,smedcraft8q@wired.com
7605,Suellen,Spiers,sspiers8r@businessweek.com
4908,Romona,Fulep,rfulep8s@nps.gov
3323,Kristofer,Collete,kcollete8t@paginegialle.it
4231,Xena,Kempstone,xkempstone8u@t.co
2837,Alick,Kenninghan,akenninghan8v@rediff.com
6273,Petunia,Johanning,pjohanning8w@google.cn
9240,Wye,Greasty,wgreasty8x@canalblog.com
3752,Willabella,McHaffy,wmchaffy8y@upenn.edu
3708,Joseito,Rooksby,jrooksby8z@google.ru
9787,Rem,Fandrich,rfandrich90@prweb.com
7627,Bernadette,Beaufoy,bbeaufoy91@about.com
8294,Maurits,Doberer,mdoberer92@wufoo.com
8030,Piggy,Dean,pdean93@ebay.com
2944,Gib,Kilminster,gkilminster94@umn.edu
4487,Emmaline,Hansom,ehansom95@g.co
9764,Bobinette,Podmore,bpodmore96@istockphoto.com
3057,Maggi,Mealing,mmealing97@mysql.com
6819,Cesya,Shefton,cshefton98@dyndns.org
5512,Hailey,Brough,hbrough99@google.com
4404,Ermin,Shoreson,eshoreson9a@alexa.com
7294,Rocky,Hildred,rhildred9b@japanpost.jp
7513,Josefa,Iacobo,jiacobo9c@reddit.com
5929,Olvan,Harden,oharden9d@theglobeandmail.com
3647,Kayley,Besant,kbesant9e@spiegel.de
3163,Orelle,Ware,oware9f@people.com.cn
6411,Gerri,Summerrell,gsummerrell9g@latimes.com
2982,Cassi,Ickovic,cickovic9h@netlog.com
4812,Mort,Garrattley,mgarrattley9i@drupal.org
4584,Jacinda,Fadden,jfadden9j@instagram.com
9376,Gavrielle,Reskelly,greskelly9k@bloglines.com
7479,Merrili,Eastment,meastment9l@china.com.cn
5035,Krystal,Manns,kmanns9m@hubpages.com
8010,Shalne,Hay,shay9n@sogou.com
4924,Alli,Andrioli,aandrioli9o@ifeng.com
6850,Marven,Gillespey,mgillespey9p@1688.com
3411,Wendie,Regelous,wregelous9q@123-reg.co.uk
7050,Emmery,Easen,eeasen9r@mapquest.com
8242,Alexis,Campsall,acampsall9s@lulu.com
2868,Ari,Philipp,aphilipp9t@unesco.org
1403,Matias,Gradly,mgradly9u@icq.com
7342,Neddy,Adenet,nadenet9v@nature.com
1609,Winthrop,Emanueli,wemanueli9w@vinaora.com
3978,Enrichetta,Danielis,edanielis9x@nps.gov
1163,Randa,Hunnisett,rhunnisett9y@nasa.gov
8498,Darby,Halbert,dhalbert9z@nps.gov
9111,Andy,Lampke,alampkea0@xinhuanet.com
1431,Cherie,Tour,ctoura1@narod.ru
6926,Cleon,Coldwell,ccoldwella2@google.cn
7448,Haslett,Coldicott,hcoldicotta3@skype.com
8091,Oralia,Pakeman,opakemana4@shutterfly.com
4759,Leontyne,Jozsika,ljozsikaa5@bizjournals.com
2659,Linnet,Fielly,lofiellya6@fastcompany.com
7271,Terence,Dozdill,tdozdilla7@ycombinator.com
1501,Jeanie,Dillon,jdillona8@fda.gov
9864,Therese,Busek,tbuseka9@wisc.edu
3866,Nicoli,Rosenboim,nrosenboimaa@toplist.cz
9131,Millard,Puttick,mputtickab@webs.com
2141,Goldi,Blaszczak,gblaszczakac@salon.com
2243,Asia,Andreuzzi,aandreuzziad@delicious.com
1449,Rand,Tofanelli,rtofanelliae@surveymonkey.com
4371,Ag,Geraldez,ageraldezaf@deliciousdays.com
5657,Codi,Murtagh,cmurtaghag@hatena.ne.jp
7681,Clara,Kerswill,ckerswillah@ustream.tv
6971,Marlowe,Grellier,mgrellierai@abc.net.au
6354,Egor,Keemar,ekeemaraj@adobe.com
9985,Quent,Nodes,qnodesak@google.it
3004,Elia,Gourlie,egourlieal@surveymonkey.com
1506,Bram,Pickerell,bpickerellam@zimbio.com
5523,Sara-ann,Clifft,sclifftan@cnbc.com
2380,Cori,MacSkeagan,cmacskeaganao@house.gov
7637,Maurine,Mort,mmortap@chicagotribune.com
7919,Nate,Erskin,nerskinaq@newsvine.com
5764,Jeane,Woodburn,jwoodburnar@com.com
2646,Natasha,Jiran,njiranas@newsvine.com
7237,Gretal,Prestland,gprestlandat@forbes.com
3540,Aguie,Lazonby,alazonbyau@skyrock.com
4652,Foster,Wardingley,fwardingleyav@loc.gov
3446,Way,Gilloran,wgilloranaw@aol.com
1816,Elyssa,Ralston,eralstonax@craigslist.org
9021,Shepherd,Ritch,sritchay@e-recht24.de
4174,Tades,Retter,tretteraz@wikipedia.org
5414,Bellina,Somerled,bsomerledb0@smugmug.com
1781,Dian,Worsell,dworsellb1@pagesperso-orange.fr
4506,Bent,Jakucewicz,bjakucewiczb2@archive.org
3309,Alaine,Weyland,aweylandb3@instagram.com
9720,Shamus,Agar,sagarb4@so-net.ne.jp
6677,Barbra,Acum,bacumb5@dyndns.org
2719,Hope,Bacop,hbacopb6@unc.edu
5735,Arleyne,Bamsey,abamseyb7@marketwatch.com
9056,Vivianne,Shurmer,vshurmerb8@shinystat.com
8110,Kristy,Stallebrass,kstallebrassb9@ow.ly
2060,Christie,Leathes,cleathesba@yellowpages.com
7321,Lowell,Orry,lorrybb@gnu.org
2605,Madelin,Stegers,mstegersbc@kickstarter.com
2862,Ashli,MacMeeking,amacmeekingbd@bravesites.com
7069,Lonnie,Kinsella,lkinsellabe@businesswire.com
3927,Netta,Kiraly,nkiralybf@networksolutions.com
1713,Sibel,Burns,sburnsbg@vkontakte.ru
6091,Eb,Gaither,egaitherbh@wiley.com
8161,Albert,Grigg,agriggbi@pcworld.com
3386,Arvie,Linggood,alinggoodbj@mashable.com
4783,Valentina,Clancey,vclanceybk@friendfeed.com
3522,Linnie,Makepeace,lmakepeacebl@microsoft.com
9809,Viki,Burwin,vburwinbm@i2i.jp
6195,Jodie,Shapira,jshapirabn@ucoz.com
4735,Rozalie,Downham,rdownhambo@taobao.com
8798,Britta,Evensden,bevensdenbp@businesswire.com
7898,Olly,Cavee,ocaveebq@reddit.com
2643,Joell,Semkins,jsemkinsbr@unicef.org
9635,Dasha,Maven,dmavenbs@yandex.ru
7689,Kizzie,Billiard,kbilliardbt@mac.com
9325,Charley,Winkell,cwinkellbu@live.com
5806,Muire,Ost,mostbv@google.com.au
2094,Shirl,Spirritt,sspirrittbw@usgs.gov
1241,Emlynne,Courtliff,ecourtliffbx@slate.com
4736,Constance,Bosward,cboswardby@google.nl
5533,Lilian,Heyne,loheynebz@geocities.jp
6608,Meier,Breffit,mbreffitc0@tiny.cc
3365,Trixie,Arundel,tarundelc1@usda.gov
2394,Roxane,Sabbatier,rsabbatierc2@51.la
2808,Daveen,Beinke,dbeinkec3@nih.gov
9648,Abba,Slowly,aslowlyc4@netlog.com
1716,Marty,Crossfield,mcrossfieldc5@paypal.com
7203,Shani,Hairyes,shairyesc6@reverbnation.com
9389,Nial,Sirrell,nsirrellc7@amazon.co.uk
8548,Augustus,Shuter,ashuterc8@facebook.com
3502,Durand,Groarty,dgroartyc9@state.tx.us
1982,Mikkel,Deedes,mdeedesca@livejournal.com
7361,Claudetta,Bruna,cbrunacb@hugedomains.com
7427,Boycie,Mapp,bmappcc@mayoclinic.com
6050,Jordana,Solway,jsolwaycd@naver.com
8619,Lorraine,Sharples,lsharplesce@wordpress.com
4413,Linoel,Dunphy,ldunphycf@a8.net
7886,Orelie,Gascard,ogascardcg@youtu.be
7904,Andre,Crook,acrookch@is.gd
9833,Sonni,Neumann,sneumannci@ft.com
3243,Orelie,Imlin,oimlincj@bigcartel.com
6073,Errol,Morse,emorseck@blogs.com
7728,Emilee,Curnnok,ecurnnokcl@utexas.edu
3885,Sabra,Perring,sperringcm@simplemachines.org
6464,Joana,Buckleigh,jbuckleighcn@google.es
9947,Grover,Longland,glonglandco@sakura.ne.jp
6468,Neale,McDermott-Row,nmcdermottrowcp@dagondesign.com
8144,Dita,Bramah,dbramahcq@nyu.edu
1487,Lucille,Towriss,ltowrisscr@google.nl
4040,Ritchie,Itzkovici,ritzkovicics@creativecommons.org
5602,Dulciana,Croxley,dcroxleyct@bluehost.com
6305,Maegan,Le Marchand,mlemarchandcu@wufoo.com
8784,Aldus,Langland,alanglandcv@a8.net
5292,Durante,Carslaw,dcarslawcw@bandcamp.com
8512,Margi,Izhak,mizhakcx@toplist.cz
5355,Phip,Evitt,pevittcy@mozilla.org
7368,Martelle,McCloch,mmcclochcz@mlb.com
6711,Des,Borne,dborned0@themeforest.net
3457,Nannie,Blucher,nblucherd1@clickbank.net
1365,Zedekiah,Allon,zallond2@tuttocitta.it
5128,Jehanna,Haggath,jhaggathd3@bluehost.com
1135,Denys,Curedale,dcuredaled4@slashdot.org
9939,Kayley,McTrustie,kmctrustied5@spotify.com
4379,Celestina,Brosch,cbroschd6@dell.com
8062,Matti,Yandell,myandelld7@nymag.com
9325,May,Jeffries,mjeffriesd8@cargocollective.com
8894,Janine,Casiroli,jcasirolid9@auda.org.au
8484,Roman,Wallace,rwallaceda@photobucket.com
9165,Simona,Ockendon,sockendondb@sun.com
3875,Marja,Banville,mbanvilledc@disqus.com
2162,Janna,Corcut,jcorcutdd@github.io
2729,Minnnie,Delyth,mdelythde@creativecommons.org
3040,Ernestine,Harrowell,eharrowelldf@deliciousdays.com
5618,Miner,Tee,mteedg@wikispaces.com
8882,Saul,Breeton,sbreetondh@diigo.com
6104,Aldon,Gaskell,agaskelldi@answers.com
7035,Stanley,Baudin,sbaudindj@weebly.com
7263,Ailey,Bairstow,abairstowdk@buzzfeed.com
7490,Ellene,Danilowicz,edanilowiczdl@state.tx.us
5222,Saunders,Stolli,sstollidm@pen.io
3547,Hannis,Landsman,hlandsmandn@wikispaces.com
6906,Drusilla,Hrynczyk,dhrynczykdo@arstechnica.com
8688,Farlay,Guilayn,fguilayndp@myspace.com
6322,Puff,Harbert,pharbertdq@facebook.com
3503,Delphinia,Arthan,darthandr@redcross.org
8133,Jimmie,MacTavish,jmactavishds@dmoz.org
1184,Filippo,Chittleburgh,fchittleburghdt@bing.com
8290,Stephine,Muehler,smuehlerdu@elpais.com
3041,Timmie,Coytes,tcoytesdv@go.com
