id,first_name,last_name,email,department,position,city,state
807,Marys,Anthiftle,manthiftle@assistancetech.org,Engineering,Employee,Los Angeles,CA
313,Allina,Keady,akeady@assistancetech.org,Product Management,Employee,Houston,TX
317,Vittoria,Stockill,vstockill@assistancetech.org,Research and Development,Employee,Gainesville,FL
89,Stephani,Baumer,sbaumer@assistancetech.org,Marketing,Supervisor,San Diego,CA
713,Chan,Simmon,csimmon@assistancetech.org,Research and Development,Employee,Beaumont,TX
932,Moselle,Argont,margont@assistancetech.org,Services,Employee,Oceanside,CA
697,Vikky,Pyper,vpyper@assistancetech.org,Support,Employee,Great Neck,NY
414,Rianon,Sowray,rsowray@assistancetech.org,Accounting,Employee,Houston,TX
45,Sada,Papez,spapez@assistancetech.org,Services,Supervisor,Waco,TX
747,Khalil,Agdahl,kagdahl@assistancetech.org,Marketing,Employee,Humble,TX
553,Eal,Vasenkov,evasenkov@assistancetech.org,Engineering,Employee,Simi Valley,CA
347,Newton,Arnopp,narnopp@assistancetech.org,Marketing,Employee,Los Angeles,CA
957,Mora,Mottram,mmottram@assistancetech.org,Business Development,Employee,El Paso,TX
863,Masha,Bonnick,mbonnick@assistancetech.org,Marketing,Employee,Bakersfield,CA
120,Lila,Daal,ldaal@assistancetech.org,Research and Development,Employee,Bronx,NY
632,Edward,Garnar,support@assistancetech.org,Support,Employee,Denton,TX
239,Maddy,Tolliday,mtolliday@assistancetech.org,Services,Employee,Jacksonville,FL
107,Randie,Toner,rtoner@assistancetech.org,Sales,Employee,Buffalo,NY
384,Catina,Stutter,cstutter@assistancetech.org,Sales,Employee,Rochester,NY
493,Thatch,Midden,tmidden@assistancetech.org,Training,Employee,Naples,FL
449,Aleta,Isakov,aisakov@assistancetech.org,Human Resources,Employee,Irving,TX
41,Aldrich,Scorah,ascorah@assistancetech.org,Marketing,Supervisor,Sacramento,CA
783,Liza,Juden,ljuden@assistancetech.org,Engineering,Employee,Dallas,TX
548,Bernardina,Gusticke,bgusticke@assistancetech.org,Engineering,Employee,Spring,TX
818,Germaine,Damp,gdamp@assistancetech.org,Marketing,Employee,Houston,TX
602,Gert,Monier,gmonier@assistancetech.org,Marketing,Employee,Houston,TX
157,Sallyann,Ure,sure@assistancetech.org,Sales,Employee,Lubbock,TX
175,Kendrick,Manus,kmanus@assistancetech.org,Legal,Employee,Lubbock,TX
324,Isador,Joscelin,support@assistancetech.org,Support,Employee,Pasadena,CA
104,Fulvia,Goldstein,support@assistancetech.org,Support,Employee,Amarillo,TX
198,Edsel,Gatesman,egatesman@assistancetech.org,Services,Employee,San Antonio,TX
185,Robina,Durtnall,rdurtnall@assistancetech.org,Legal,Employee,Port Saint Lucie,FL
290,Rikki,Blumer,rblumer@assistancetech.org,Engineering,Employee,Lancaster,CA
856,Tamqrah,Pfeuffer,tpfeuffer@assistancetech.org,Marketing,Employee,San Antonio,TX
980,Kalinda,Lawland,klawland@assistancetech.org,Services,Employee,New Hyde Park,NY
691,Glynda,Turmall,gturmall@assistancetech.org,Product Management,Employee,San Jose,CA
503,Babbie,Verchambre,bverchambre@assistancetech.org,Marketing,Employee,Orlando,FL
841,Tanney,Perago,tperago@assistancetech.org,Marketing,Employee,Stockton,CA
700,Jeane,Killbey,jkillbey@assistancetech.org,Human Resources,Employee,Tallahassee,FL
973,Ephrem,Warrior,ewarrior@assistancetech.org,Services,Employee,Anaheim,CA
488,Ranique,Sjollema,rsjollema@assistancetech.org,Sales,Employee,Houston,TX
843,Magdalena,O'Hannigan,mo'hannigan@assistancetech.org,Business Development,Employee,Dallas,TX
771,Brigham,Shemilt,bshemilt@assistancetech.org,Sales,Employee,Fullerton,CA
182,Hillie,Samms,hsamms@assistancetech.org,Training,Employee,Palmdale,CA
95,Manny,Lenoir,mlenoir@assistancetech.org,Human Resources,Supervisor,Austin,TX
663,Pat,Lazarus,plazarus@assistancetech.org,Engineering,Employee,Brooklyn,NY
602,Webster,Chillingworth,support@assistancetech.org,Support,Employee,Dallas,TX
813,Ashely,Manwaring,amanwaring@assistancetech.org,Services,Employee,Austin,TX
329,Regine,Bricksey,rbricksey@assistancetech.org,Marketing,Employee,Orlando,FL
299,Land,Moyler,lmoyler@assistancetech.org,Human Resources,Employee,Lubbock,TX
223,Mel,Bleckly,mbleckly@assistancetech.org,Services,Employee,Pensacola,FL
86,Wilona,Standbrooke,support@assistancetech.org,Support,Supervisor,Dallas,TX
730,Paco,Jochanany,pjochanany@assistancetech.org,Training,Employee,Pensacola,FL
95,Kiele,Clash,kclash@assistancetech.org,Services,Supervisor,Jamaica,NY
331,Christoffer,Sturgeon,csturgeon@assistancetech.org,Legal,Employee,El Paso,TX
432,Freeland,Camps,fcamps@assistancetech.org,Marketing,Employee,Punta Gorda,FL
591,Ozzie,Espin,oespin@assistancetech.org,Product Management,Employee,Elmira,NY
617,Faunie,Brendel,fbrendel@assistancetech.org,Accounting,Employee,San Diego,CA
641,Maritsa,Reddyhoff,mreddyhoff@assistancetech.org,Human Resources,Employee,Salinas,CA
227,Pru,Knights,pknights@assistancetech.org,Services,Employee,Denton,TX
915,Trisha,Chantree,tchantree@assistancetech.org,Legal,Employee,Port Washington,NY
620,Heddie,Wreiford,hwreiford@assistancetech.org,Human Resources,Employee,Rochester,NY
441,Gene,Hassey,ghassey@assistancetech.org,Business Development,Employee,Sacramento,CA
33,Aridatha,Grimwade,agrimwade@assistancetech.org,Engineering,Supervisor,Miami Beach,FL
1000,Boigie,Brydson,bbrydson@assistancetech.org,Product Management,Employee,Inglewood,CA
934,Harmonia,Hatton,hhatton@assistancetech.org,Human Resources,Employee,Los Angeles,CA
93,Tab,Ewbach,tewbach@assistancetech.org,Sales,Supervisor,Hollywood,FL
700,Corena,Hallmark,challmark@assistancetech.org,Accounting,Employee,San Antonio,TX
476,Barbabas,Raggles,braggles@assistancetech.org,Product Management,Employee,Sacramento,CA
407,Miguelita,Girth,mgirth@assistancetech.org,Human Resources,Employee,San Jose,CA
802,Sherrie,Severy,support@assistancetech.org,Support,Employee,Saint Augustine,FL
820,Natalie,Andrioletti,nandrioletti@assistancetech.org,Business Development,Employee,Austin,TX
337,Aurie,Loveridge,aloveridge@assistancetech.org,Sales,Employee,Sacramento,CA
385,Cindi,Kennagh,ckennagh@assistancetech.org,Product Management,Employee,Irving,TX
624,Helene,Franckton,hfranckton@assistancetech.org,Services,Employee,San Francisco,CA
543,Elena,Ponte,eponte@assistancetech.org,Training,Employee,Buffalo,NY
814,Sergei,Sent,ssent@assistancetech.org,Marketing,Employee,San Francisco,CA
175,Geneva,Yarr,gyarr@assistancetech.org,Accounting,Employee,Santa Monica,CA
36,Duffie,Simmank,dsimmank@assistancetech.org,Accounting,Supervisor,Tallahassee,FL
259,Bing,Brusby,bbrusby@assistancetech.org,Accounting,Employee,El Paso,TX
214,Craig,Cracie,ccracie@assistancetech.org,Business Development,Employee,Los Angeles,CA
958,Josepha,Robinette,jrobinette@assistancetech.org,Business Development,Employee,Beaumont,TX
566,Aguie,Shillan,ashillan@assistancetech.org,Marketing,Employee,New York City,NY
286,Aindrea,Routhorn,arouthorn@assistancetech.org,Training,Employee,Port Saint Lucie,FL
872,Richardo,Wilstead,rwilstead@assistancetech.org,Marketing,Employee,Buffalo,NY
934,Curr,Domonkos,cdomonkos@assistancetech.org,Human Resources,Employee,Port Washington,NY
922,Nonie,Shaudfurth,nshaudfurth@assistancetech.org,Legal,Employee,Santa Barbara,CA
178,Warner,Tarzey,wtarzey@assistancetech.org,Engineering,Employee,Simi Valley,CA
697,Martynne,Dunkirk,mdunkirk@assistancetech.org,Business Development,Employee,Tampa,FL
491,Hall,Rickman,hrickman@assistancetech.org,Sales,Employee,Dallas,TX
682,Barbe,Coupe,bcoupe@assistancetech.org,Services,Employee,Fort Worth,TX
68,Maryann,Phippin,mphippin@assistancetech.org,Product Management,Supervisor,Houston,TX
280,Rowney,Covell,rcovell@assistancetech.org,Accounting,Employee,Jacksonville,FL
449,Gabriellia,Ettels,gettels@assistancetech.org,Human Resources,Employee,Austin,TX
407,Giorgio,Turnell,gturnell@assistancetech.org,Training,Employee,Austin,TX
953,Dru,Bogges,dbogges@assistancetech.org,Sales,Employee,Saint Augustine,FL
73,Emmett,Chippindale,echippindale@assistancetech.org,Research and Development,Supervisor,Conroe,TX
114,Willdon,Robathon,wrobathon@assistancetech.org,Research and Development,Employee,Fort Worth,TX
309,Scotti,Asker,sasker@assistancetech.org,Services,Employee,Jamaica,NY
11,Gamaliel,Aveson,gaveson@assistancetech.org,Business Development,Supervisor,Sacramento,CA
479,Ophelie,Spanswick,ospanswick@assistancetech.org,Business Development,Employee,El Paso,TX
66,Tory,Pleager,tpleager@assistancetech.org,Product Management,Supervisor,Orlando,FL
597,Austina,Remer,aremer@assistancetech.org,Marketing,Employee,Austin,TX
372,Louisa,Geelan,lgeelan@assistancetech.org,Business Development,Employee,Conroe,TX
17,Corrine,Gowdridge,cgowdridge@assistancetech.org,Human Resources,Supervisor,Inglewood,CA
235,Forbes,Lauxmann,flauxmann@assistancetech.org,Human Resources,Employee,Sacramento,CA
299,Lydia,Tapsfield,ltapsfield@assistancetech.org,Services,Employee,Santa Rosa,CA
568,Fletch,O' Sullivan,fo' sullivan@assistancetech.org,Sales,Employee,Tallahassee,FL
845,Shoshanna,Coton,scoton@assistancetech.org,Legal,Employee,Miami,FL
764,Frannie,Shoebridge,fshoebridge@assistancetech.org,Human Resources,Employee,Brooklyn,NY
331,Fawne,Peters,fpeters@assistancetech.org,Training,Employee,Burbank,CA
511,Shandy,Cricket,scricket@assistancetech.org,Marketing,Employee,Saint Petersburg,FL
253,Gaye,Smedley,gsmedley@assistancetech.org,Research and Development,Employee,Petaluma,CA
803,Ambrosio,Hartle,ahartle@assistancetech.org,Services,Employee,Gainesville,FL
73,Cari,Leadley,cleadley@assistancetech.org,Product Management,Supervisor,New York City,NY
214,Maisie,Webby,mwebby@assistancetech.org,Product Management,Employee,Inglewood,CA
292,Alie,Seys,aseys@assistancetech.org,Legal,Employee,Austin,TX
544,Lexie,Capner,lcapner@assistancetech.org,Business Development,Employee,Pensacola,FL
190,Brew,Laughren,blaughren@assistancetech.org,Legal,Employee,Oakland,CA
464,Heinrik,Adrianello,hadrianello@assistancetech.org,Services,Employee,Dallas,TX
552,Josias,Van der Baaren,jvan der baaren@assistancetech.org,Business Development,Employee,Sacramento,CA
370,Holly,Wayte,hwayte@assistancetech.org,Human Resources,Employee,Corpus Christi,TX
621,Thatcher,Dombrell,tdombrell@assistancetech.org,Research and Development,Employee,Tyler,TX
46,Randee,Palister,rpalister@assistancetech.org,Accounting,Supervisor,Pensacola,FL
116,Christean,Brahms,cbrahms@assistancetech.org,Business Development,Employee,Fort Lauderdale,FL
855,Maiga,Wigfall,mwigfall@assistancetech.org,Engineering,Employee,Buffalo,NY
695,Leanna,Fearnside,lfearnside@assistancetech.org,Business Development,Employee,Los Angeles,CA
484,Packston,Beelby,pbeelby@assistancetech.org,Training,Employee,New York City,NY
439,Cecilia,France,cfrance@assistancetech.org,Accounting,Employee,Brooklyn,NY
971,Kiele,Stenners,kstenners@assistancetech.org,Sales,Employee,New Hyde Park,NY
406,Dacey,Elliott,delliott@assistancetech.org,Research and Development,Employee,Fresno,CA
177,Juliette,McRobert,jmcrobert@assistancetech.org,Sales,Employee,Fort Worth,TX
604,Noellyn,Muscat,nmuscat@assistancetech.org,Research and Development,Employee,Naples,FL
578,Meggi,Rawkesby,mrawkesby@assistancetech.org,Sales,Employee,Lakeland,FL
92,Raddie,Serle,rserle@assistancetech.org,Training,Supervisor,Oakland,CA
887,Verine,Sisson,vsisson@assistancetech.org,Sales,Employee,San Bernardino,CA
21,Orlando,Rodson,orodson@assistancetech.org,Training,Supervisor,Los Angeles,CA
23,Mellie,Simmens,msimmens@assistancetech.org,Legal,Supervisor,Jacksonville,FL
546,Teri,Larcher,tlarcher@assistancetech.org,Sales,Employee,Santa Ana,CA
212,Holt,Kinlock,hkinlock@assistancetech.org,Training,Employee,Hollywood,FL
386,Boris,Lening,blening@assistancetech.org,Product Management,Employee,Lakeland,FL
292,Sawyere,Duffill,support@assistancetech.org,Support,Employee,Humble,TX
129,Ida,Krier,ikrier@assistancetech.org,Services,Employee,Largo,FL
169,Marinna,Maidstone,mmaidstone@assistancetech.org,Marketing,Employee,Gatesville,TX
173,Erasmus,Gribbon,egribbon@assistancetech.org,Marketing,Employee,San Antonio,TX
771,Anna,Stivani,astivani@assistancetech.org,Accounting,Employee,New York City,NY
100,Giacopo,Bemwell,gbemwell@assistancetech.org,Legal,Supervisor,Sacramento,CA
708,Charlena,Hawler,chawler@assistancetech.org,Research and Development,Employee,Fort Worth,TX
170,Roger,Wilde,rwilde@assistancetech.org,Legal,Employee,Saint Petersburg,FL
152,Harlie,Peinke,hpeinke@assistancetech.org,Engineering,Employee,Denton,TX
745,Hazel,Riche,hriche@assistancetech.org,Human Resources,Employee,Sunnyvale,CA
426,Ransom,Saddington,rsaddington@assistancetech.org,Product Management,Employee,Rochester,NY
366,Hartwell,Carnock,hcarnock@assistancetech.org,Services,Employee,Corpus Christi,TX
500,Christina,Antonovic,cantonovic@assistancetech.org,Services,Employee,Katy,TX
619,Jaime,Bootland,jbootland@assistancetech.org,Engineering,Employee,Boynton Beach,FL
838,Eugenio,Leeuwerink,eleeuwerink@assistancetech.org,Human Resources,Employee,Irvine,CA
123,Farra,Skingley,fskingley@assistancetech.org,Business Development,Employee,Pasadena,CA
301,Wrennie,Rentenbeck,wrentenbeck@assistancetech.org,Research and Development,Employee,Santa Rosa,CA
752,Marten,Pickring,mpickring@assistancetech.org,Legal,Employee,Bryan,TX
571,Maddie,Haggith,mhaggith@assistancetech.org,Engineering,Employee,Houston,TX
19,Louis,Tolemache,ltolemache@assistancetech.org,Product Management,Supervisor,San Antonio,TX
687,Christin,Gregh,cgregh@assistancetech.org,Human Resources,Employee,Houston,TX
253,Matt,Davitti,mdavitti@assistancetech.org,Training,Employee,San Diego,CA
177,Killie,Rambadt,krambadt@assistancetech.org,Training,Employee,West Palm Beach,FL
290,Prescott,Algar,palgar@assistancetech.org,Training,Employee,Odessa,TX
451,Ab,Cayley,acayley@assistancetech.org,Human Resources,Employee,Dallas,TX
115,Em,Illem,eillem@assistancetech.org,Human Resources,Employee,Sacramento,CA
141,Carmita,Rakes,crakes@assistancetech.org,Services,Employee,Dallas,TX
537,Milty,Beeton,mbeeton@assistancetech.org,Accounting,Employee,Dallas,TX
977,Rasia,Dore,rdore@assistancetech.org,Marketing,Employee,New York City,NY
576,Dee dee,Essam,dessam@assistancetech.org,Business Development,Employee,Dallas,TX
255,Katalin,Mullin,kmullin@assistancetech.org,Human Resources,Employee,Dallas,TX
676,Zebedee,Denzey,zdenzey@assistancetech.org,Research and Development,Employee,Beaumont,TX
774,Cairistiona,Legging,clegging@assistancetech.org,Accounting,Employee,Houston,TX
839,Denice,Whitmell,dwhitmell@assistancetech.org,Marketing,Employee,Jamaica,NY
247,Nial,Coomes,ncoomes@assistancetech.org,Engineering,Employee,Austin,TX
356,Ekaterina,Lofthouse,elofthouse@assistancetech.org,Sales,Employee,Austin,TX
299,Rancell,Bane,rbane@assistancetech.org,Sales,Employee,Houston,TX
868,Herminia,Pieroni,hpieroni@assistancetech.org,Marketing,Employee,Great Neck,NY
312,Nat,Oneil,noneil@assistancetech.org,Accounting,Employee,Dallas,TX
413,Dominic,Kinnon,dkinnon@assistancetech.org,Training,Employee,El Paso,TX
471,Freedman,Padden,fpadden@assistancetech.org,Accounting,Employee,Staten Island,NY
890,Raquela,Townshend,rtownshend@assistancetech.org,Legal,Employee,Fort Lauderdale,FL
229,Karol,Gilham,support@assistancetech.org,Support,Employee,Huntington Beach,CA
217,Kevan,Hodgon,khodgon@assistancetech.org,Business Development,Employee,Daytona Beach,FL
343,Aubert,Elesander,aelesander@assistancetech.org,Human Resources,Employee,Austin,TX
52,Steve,Babber,sbabber@assistancetech.org,Marketing,Supervisor,Sacramento,CA
815,Paulie,Furness,pfurness@assistancetech.org,Product Management,Employee,San Jose,CA
720,Amye,Pask,apask@assistancetech.org,Product Management,Employee,Boynton Beach,FL
16,Osbourne,Sherwyn,osherwyn@assistancetech.org,Marketing,Supervisor,Orlando,FL
840,Tomlin,Francie,tfrancie@assistancetech.org,Marketing,Employee,Van Nuys,CA
576,Annetta,Moubray,amoubray@assistancetech.org,Marketing,Employee,Miami,FL
710,Jacquette,Redington,jredington@assistancetech.org,Services,Employee,Houston,TX
84,Vasily,Dolle,vdolle@assistancetech.org,Engineering,Supervisor,Largo,FL
602,Justino,Adrain,jadrain@assistancetech.org,Human Resources,Employee,Fort Worth,TX
937,Penni,Grimsdale,support@assistancetech.org,Support,Employee,Santa Ana,CA
732,Mandi,Benko,mbenko@assistancetech.org,Research and Development,Employee,Sacramento,CA
31,Rudyard,De Maine,rde maine@assistancetech.org,Engineering,Supervisor,Orlando,FL
752,Maxine,Millbank,mmillbank@assistancetech.org,Services,Employee,Brooklyn,NY
473,Adelbert,Baumadier,abaumadier@assistancetech.org,Services,Employee,Sacramento,CA
897,Dori,Lane,support@assistancetech.org,Support,Employee,Pasadena,CA
743,Nicol,Perton,nperton@assistancetech.org,Sales,Employee,Gainesville,FL
3,Marley,Doughty,support@assistancetech.org,Support,Supervisor,San Diego,CA
357,Marcos,Guymer,mguymer@assistancetech.org,Marketing,Employee,Amarillo,TX
796,Hinze,De Ath,hde ath@assistancetech.org,Human Resources,Employee,Dallas,TX
204,Brennen,Lowings,blowings@assistancetech.org,Training,Employee,Tyler,TX
570,Bart,Troy,btroy@assistancetech.org,Training,Employee,Pompano Beach,FL
974,Peyter,Sivill,psivill@assistancetech.org,Accounting,Employee,New York City,NY
139,Flory,Buncom,support@assistancetech.org,Support,Employee,Odessa,TX
378,Kylila,Garfoot,kgarfoot@assistancetech.org,Research and Development,Employee,Bronx,NY
374,Katey,Hambleton,khambleton@assistancetech.org,Marketing,Employee,Fresno,CA
890,Gus,Corse,gcorse@assistancetech.org,Legal,Employee,Beaumont,TX
527,Caspar,Purdey,cpurdey@assistancetech.org,Training,Employee,San Diego,CA
366,Eustace,Belson,ebelson@assistancetech.org,Training,Employee,Amarillo,TX
495,Nigel,Motherwell,nmotherwell@assistancetech.org,Training,Employee,Jacksonville,FL
956,Lindy,Cantwell,lcantwell@assistancetech.org,Training,Employee,Melbourne,FL
781,Aloisia,Sebborn,asebborn@assistancetech.org,Business Development,Employee,Dallas,TX
422,Drucy,Bezant,dbezant@assistancetech.org,Engineering,Employee,San Antonio,TX
617,Leela,Denmead,ldenmead@assistancetech.org,Research and Development,Employee,Albany,NY
859,Willey,Clucas,wclucas@assistancetech.org,Human Resources,Employee,Houston,TX
919,Rudiger,Hansen,rhansen@assistancetech.org,Sales,Employee,New York City,NY
871,Winn,Sorrie,wsorrie@assistancetech.org,Accounting,Employee,Round Rock,TX
245,Lorita,Osgardby,losgardby@assistancetech.org,Sales,Employee,Chico,CA
133,Merna,Pallaske,mpallaske@assistancetech.org,Accounting,Employee,Sacramento,CA
437,Monte,Gyurkovics,support@assistancetech.org,Support,Employee,New York City,NY
567,Basile,Bogays,bbogays@assistancetech.org,Legal,Employee,Syracuse,NY
406,Kristine,De Leek,kde leek@assistancetech.org,Training,Employee,Dallas,TX
265,Kevyn,Vedenisov,kvedenisov@assistancetech.org,Marketing,Employee,Lakeland,FL
395,Saidee,Gerrey,sgerrey@assistancetech.org,Engineering,Employee,Spring,TX
936,Eydie,Gath,support@assistancetech.org,Support,Employee,Rochester,NY
506,Adriana,Sidwick,asidwick@assistancetech.org,Product Management,Employee,Fort Worth,TX
505,Hilliard,Gounod,hgounod@assistancetech.org,Accounting,Employee,Hollywood,FL
469,Zora,McVane,zmcvane@assistancetech.org,Research and Development,Employee,El Paso,TX
383,Kaspar,Boltwood,kboltwood@assistancetech.org,Legal,Employee,Syracuse,NY
93,Kassie,Gheorghie,kgheorghie@assistancetech.org,Marketing,Supervisor,Houston,TX
15,Fianna,Andric,fandric@assistancetech.org,Legal,Supervisor,Fort Worth,TX
276,Ellwood,McCluney,emccluney@assistancetech.org,Business Development,Employee,El Paso,TX
638,Cher,Firpi,cfirpi@assistancetech.org,Business Development,Employee,Hicksville,NY
487,Binny,Corroyer,bcorroyer@assistancetech.org,Sales,Employee,Sacramento,CA
122,Stephanus,Bastable,sbastable@assistancetech.org,Sales,Employee,New York City,NY
664,Eddy,Cowndley,ecowndley@assistancetech.org,Business Development,Employee,Miami,FL
636,Hadlee,Mila,hmila@assistancetech.org,Marketing,Employee,Pensacola,FL
269,Terri,Lightoller,tlightoller@assistancetech.org,Training,Employee,San Antonio,TX
819,Anabelle,Kabos,akabos@assistancetech.org,Engineering,Employee,Houston,TX
798,Misha,Border,mborder@assistancetech.org,Business Development,Employee,Los Angeles,CA
889,Tommi,Rouby,trouby@assistancetech.org,Services,Employee,New York City,NY
825,Maribelle,Scrinage,mscrinage@assistancetech.org,Business Development,Employee,Austin,TX
895,Tades,Prowting,tprowting@assistancetech.org,Research and Development,Employee,Jamaica,NY
493,Romonda,Benian,support@assistancetech.org,Support,Employee,Houston,TX
907,Dawn,Spinola,dspinola@assistancetech.org,Human Resources,Employee,El Paso,TX
